"S1"	"S2"	"S3"	"S4"	"S5"	"S6"	"S7"	"S8"	"S9"	"S10"	"S11"	"S12"	"S13"	"S14"	"S15"	"S16"	"S17"	"S18"	"S19"	"S20"	"S21"	"S22"	"S23"	"S24"	"S25"	"S26"	"S27"	"S28"	"S29"	"seqs"	"Kingdom"	"Phylum"	"Class"	"Order"	"Family"	"Genus"	"Species"	"otuid"
26	14	127	70	1	81	42	137	420	84	15	130	24	18	99	36	5601	2145	1738	7805	8610	217	3522	3817	280	1035	262	179	6703	"GCAGCAGTGGGGAATATTGCACAATGGGCGCAAGCCTGATGCAGCCATGCCGCGTGTATGAAGAAGGCCTTCGGGTTGTAAAGTACTTTCAGCGGGGAGGAAGGGAGTAAAGTTAATACCTTTGCTCATTGACGTTACCCGCAGAAGAAGCACCGGCTAACTCCGTGCCAGCAGCCGCGGTAATACGGAGGGTGCAAGCGTTAATCGGAATTACTGGGCGTAAAGCGCACGCAGGCGGTTTGTTAAGTCAGATGTGAAATCCCCGGGCTCAACCTGGGAACTGCATCTGATACTGGCAAGCTTGAGTCTCGTAGAGGGGGGTAGAATTCCAGGTGTAGCGGTGAAATGCGTAGAGATCTGGAGGAATACCGGTGGCGAAGGCGGCCCCCTGGACGAAGACTGACGCTCAGGTGCGAAAGCGTGGGGAGCAAACAGGATTAGATAC"	"k__Bacteria"	"p__Proteobacteria"	"c__Gammaproteobacteria"	"o__Enterobacteriales"	"f__Enterobacteriaceae"	"g__Escherichia"	"s__coli"	"otu1"
4	6	44	45	6	36	18	58	284	39	7	63	7	12	45	23	3680	1352	1090	4854	4522	195	1985	1863	196	509	109	63	3052	"GCTGCAGTGGGGAATATTGCACAATGGGCGCAAGCCTGATGCAGCCATGCCGCGTGTATGAAGAAGGCCTTCGGGTTGTAAAGTACTTTCAGCGGGGAGGAAGGGAGTAAAGTTAATACCTTTGCTCATTGACGTTACCCGCAGAAGAAGCACCGGCTAACTCCGTGCCAGCAGCCGCGGTAATACGGAGGGTGCAAGCGTTAATCGGAATTACTGGGCGTAAAGCGCACGCAGGCGGTTTGTTAAGTCAGATGTGAAATCCCCGGGCTCAACCTGGGAACTGCATCTGATACTGGCAAGCTTGAGTCTCGTAGAGGGGGGTAGAATTCCAGGTGTAGCGGTGAAATGCGTAGAGATCTGGAGGAATACCGGTGGCGAAGGCGGCCCCCTGGACGAAGACTGACGCTCAGGTGCGAAAGCGTGGGGAGCAAACAGGATTAGATAC"	"k__Bacteria"	"p__Proteobacteria"	"c__Gammaproteobacteria"	"o__Enterobacteriales"	"f__Enterobacteriaceae"	"g__Escherichia"	"s__coli"	"otu2"
1708	1099	39	699	2150	1101	277	2466	352	330	145	352	658	1004	303	694	1080	1473	127	249	182	1039	395	1317	197	1666	249	86	380	"GCAGCAGTAGGGAATCTTCGGCAATGGACGGAAGTCTGACCGAGCAACGCCGCGTGAGTGAAGAAGGTTTTCGGATCGTAAAGCTCTGTTGTAAGAGAAGAACGAGTGTGAGAGTGGAAAGTTCACACTGTGACGGTATCTTACCAGAAAGGGACGGCTAACTACGTGCCAGCAGCCGCGGTAATACGTAGGTCCCGAGCGTTGTCCGGATTTATTGGGCGTAAAGCGAGCGCAGGCGGTTAGATAAGTCTGAAGTTAAAGGCTGTGGCTTAACCATAGTACGCTTTGGAAACTGTTTAACTTGAGTGCAAGAGGGGAGAGTGGAATTCCATGTGTAGCGGTGAAATGCGTAGATATATGGAGGAACACCGGTGGCGAAAGCGGCTCTCTGGCTTGTAACTGACGCTGAGGCTCGAAAGCGTGGGGAGCAAACAGGATTAGATAC"	"k__Bacteria"	"p__Firmicutes"	"c__Bacilli"	"o__Lactobacillales"	"f__Streptococcaceae"	"g__Streptococcus"	"s__infantis"	"otu3"
1737	1045	212	493	204	943	3321	776	970	683	253	728	774	584	474	445	307	209	531	346	157	283	182	419	199	375	304	286	208	"GCAGCAGTAGGGAATCTTCCGCAATGGGCGAAAGCCTGACGGAGCAACGCCGCGTGAGTGATGAAGGTCTTCGGATCGTAAAACTCTGTTATTAGGGAAGAACAAATGTGTAAGTAACTATGCACGTCTTGACGGTACCTAATCAGAAAGCCACGGCTAACTACGTGCCAGCAGCCGCGGTAATACGTAGGTGGCAAGCGTTATCCGGAATTATTGGGCGTAAAGCGCGCGTAGGCGGTTTTTTAAGTCTGATGTGAAAGCCCACGGCTCAACCGTGGAGGGTCATTGGAAACTGGAAAACTTGAGTGCAGAAGAGGAAAGTGGAATTCCATGTGTAGCGGTGAAATGCGCAGAGATATGGAGGAACACCAGTGGCGAAGGCGACTTTCTGGTCTGTAACTGACGCTGATGTGCGAAAGCGTGGGGATCAAACAGGATTAGATAC"	"k__Bacteria"	"p__Firmicutes"	"c__Bacilli"	"o__Bacillales"	"f__Staphylococcaceae"	"g__Staphylococcus"	"s__epidermidis"	"otu5"
37	2535	494	1019	36	1766	2065	731	238	586	108	364	1088	77	65	992	526	121	81	211	46	18	122	24	115	361	10	961	168	"GCAGCAGTAGGGAATCTTCGGCAATGGACGAAAGTCTGACCGAGCAACGCCGCGTGAGTGAAGAAGGTTTTCGGATCGTAAAACTCTGTTGGTAGAGAAGAACGTTGGTGAGAGTGGAAAGCTCATCAAGTGACGGTAACTACCCAGAAAGGGACGGCTAACTACGTGCCAGCAGCCGCGGTAATACGTAGGTCCCGAGCGTTGTCCGGATTTATTGGGCGTAAAGCGAGCGCAGGTGGTTTATTAAGTCTGGTGTAAAAGGCAGTGGCTCAACCATTGTATGCATTGGAAACTGGTAGACTTGAGTGCAGGAGAGGAGAGTGGAATTCCATGTGTAGCGGTGAAATGCGTAGATATATGGAGGAACACCGGTGGCGAAAGCGGCTCTCTGGCCTGTAACTGACACTGAGGCTCGAAAGCGTGGGGAGCAAACAGGATTAGATAC"	"k__Bacteria"	"p__Firmicutes"	"c__Bacilli"	"o__Lactobacillales"	"f__Streptococcaceae"	"g__Lactococcus"	"s__"	"otu6"
1217	853	15	446	1475	633	107	1011	261	206	83	200	340	542	121	391	759	988	88	167	76	964	210	619	123	814	86	44	200	"GCTGCAGTAGGGAATCTTCGGCAATGGACGGAAGTCTGACCGAGCAACGCCGCGTGAGTGAAGAAGGTTTTCGGATCGTAAAGCTCTGTTGTAAGAGAAGAACGAGTGTGAGAGTGGAAAGTTCACACTGTGACGGTATCTTACCAGAAAGGGACGGCTAACTACGTGCCAGCAGCCGCGGTAATACGTAGGTCCCGAGCGTTGTCCGGATTTATTGGGCGTAAAGCGAGCGCAGGCGGTTAGATAAGTCTGAAGTTAAAGGCTGTGGCTTAACCATAGTACGCTTTGGAAACTGTTTAACTTGAGTGCAAGAGGGGAGAGTGGAATTCCATGTGTAGCGGTGAAATGCGTAGATATATGGAGGAACACCGGTGGCGAAAGCGGCTCTCTGGCTTGTAACTGACGCTGAGGCTCGAAAGCGTGGGGAGCAAACAGGATTAGATAC"	"k__Bacteria"	"p__Firmicutes"	"c__Bacilli"	"o__Lactobacillales"	"f__Streptococcaceae"	"g__Streptococcus"	"s__infantis"	"otu7"
199	134	91	405	63	1142	317	294	1237	1489	415	1015	404	315	453	420	158	373	328	289	124	97	131	116	160	387	254	149	318	"GCAGCAGTAGGGAATCTTCCGCAATGGGCGAAAGCCTGACGGAGCAACGCCGCGTGAGTGATGAAGGTCTTCGGATCGTAAAACTCTGTTATTAGGGAAGAACAAACGTGTAAGTAACTGTGCACGTCTTGACGGTACCTAATCAGAAAGCCACGGCTAACTACGTGCCAGCAGCCGCGGTAATACGTAGGTGGCAAGCGTTATCCGGAATTATTGGGCGTAAAGCGCGCGTAGGCGGTTTTTTAAGTCTGATGTGAAAGCCCACGGCTCAACCGTGGAGGGTCATTGGAAACTGGAAAACTTGAGTGCAGAAGAGGAAAGTGGAATTCCATGTGTAGCGGTGAAATGCGCAGAGATATGGAGGAACACCAGTGGCGAAGGCGACTTTCTGGTCTGTAACTGACGCTGATGTGCGAAAGCGTGGGGATCAAACAGGATTAGATAC"	"k__Bacteria"	"p__Firmicutes"	"c__Bacilli"	"o__Bacillales"	"f__Staphylococcaceae"	"g__Staphylococcus"	"s__"	"otu8"
790	373	7	104	4527	1191	29	241	110	21	11	150	216	539	50	74	1509	189	35	50	21	418	94	111	97	65	48	35	78	"GCAGCAGTGGGGAATTTTGGACAATGGGCGCAAGCCTGATCCAGCCATGCCGCGTGTCTGAAGAAGGCCTTCGGGTTGTAAAGGACTTTTGTCAGGGAAGAAAAGGGCGGGGTTAATACCCCTGTCTGATGACGGTACCTGAAGAATAAGCACCGGCTAACTACGTGCCAGCAGCCGCGGTAATACGTAGGGTGCGAGCGTTAATCGGAATTACTGGGCGTAAAGCGGGCGCAGACGGTTACTTAAGCAGGATGTGAAATCCCCGGGCTCAACCTGGGAACTGCGTTCTGAACTGGGTGACTAGAGTGTGTCAGAGGGAGGTAGAATTCCACGTGTAGCAGTGAAATGCGTAGAGATGTGGAGGAATACCGATGGCGAAGGCAGCCTCCTGGGATAACACTGACGTTCATGCCCGAAAGCGTGGGTAGCAAACAGGATTAGATAC"	"k__Bacteria"	"p__Proteobacteria"	"c__Betaproteobacteria"	"o__Neisseriales"	"f__Neisseriaceae"	"g__Neisseria"	"s__"	"otu10"
2692	1500	45	220	574	457	275	189	126	161	14	76	875	479	32	212	300	58	18	110	20	481	237	90	33	424	7	76	26	"GCAGCAGTGGGGAATATTGCACAATGGGCGGAAGCCTGATGCAGCGACGCCGCGTGAGGGATGACGGCCTTCGGGTTGTAAACCTCTTTCAGCAGGGACGAAGCGTAAGTGACGGTACCTGCAGAAGAAGCACCGGCTAACTACGTGCCAGCAGCCGCGGTAATACGTAGGGTGCGAGCGTTGTCCGGAATTACTGGGCGTAAAGAGCTCGTAGGCGGTTTGTCACGTCGTCTGTGAAATCCTAGGGCTTAACCCTGGACGTGCAGGCGATACGGGCTGACTTGAGTACTACAGGGGAGACTGGAATTTCTGGTGTAGCGGTGGAATGCACAGATATCAGGAAGAACACCGATGGCGAAGGCAGGTCTCTGGGTAGTAACTGACGCTGAGGAGCGAAAGCATGGGTAGCGAACAGGATTAGATAC"	"k__Bacteria"	"p__Actinobacteria"	"c__Actinobacteria"	"o__Actinomycetales"	"f__Corynebacteriaceae"	"g__Corynebacterium"	"s__"	"otu11"
1262	833	97	271	178	547	1207	338	668	333	135	316	411	329	261	243	216	134	358	254	79	285	138	237	99	222	135	106	77	"GCTGCAGTAGGGAATCTTCCGCAATGGGCGAAAGCCTGACGGAGCAACGCCGCGTGAGTGATGAAGGTCTTCGGATCGTAAAACTCTGTTATTAGGGAAGAACAAATGTGTAAGTAACTATGCACGTCTTGACGGTACCTAATCAGAAAGCCACGGCTAACTACGTGCCAGCAGCCGCGGTAATACGTAGGTGGCAAGCGTTATCCGGAATTATTGGGCGTAAAGCGCGCGTAGGCGGTTTTTTAAGTCTGATGTGAAAGCCCACGGCTCAACCGTGGAGGGTCATTGGAAACTGGAAAACTTGAGTGCAGAAGAGGAAAGTGGAATTCCATGTGTAGCGGTGAAATGCGCAGAGATATGGAGGAACACCAGTGGCGAAGGCGACTTTCTGGTCTGTAACTGACGCTGATGTGCGAAAGCGTGGGGATCAAACAGGATTAGATAC"	"k__Bacteria"	"p__Firmicutes"	"c__Bacilli"	"o__Bacillales"	"f__Staphylococcaceae"	"g__Staphylococcus"	"s__epidermidis"	"otu12"
21	1871	262	702	28	1003	729	301	109	337	44	198	551	35	34	516	375	72	59	135	22	13	57	20	57	163	3	414	72	"GCTGCAGTAGGGAATCTTCGGCAATGGACGAAAGTCTGACCGAGCAACGCCGCGTGAGTGAAGAAGGTTTTCGGATCGTAAAACTCTGTTGGTAGAGAAGAACGTTGGTGAGAGTGGAAAGCTCATCAAGTGACGGTAACTACCCAGAAAGGGACGGCTAACTACGTGCCAGCAGCCGCGGTAATACGTAGGTCCCGAGCGTTGTCCGGATTTATTGGGCGTAAAGCGAGCGCAGGTGGTTTATTAAGTCTGGTGTAAAAGGCAGTGGCTCAACCATTGTATGCATTGGAAACTGGTAGACTTGAGTGCAGGAGAGGAGAGTGGAATTCCATGTGTAGCGGTGAAATGCGTAGATATATGGAGGAACACCGGTGGCGAAAGCGGCTCTCTGGCCTGTAACTGACACTGAGGCTCGAAAGCGTGGGGAGCAAACAGGATTAGATAC"	"k__Bacteria"	"p__Firmicutes"	"c__Bacilli"	"o__Lactobacillales"	"f__Streptococcaceae"	"g__Lactococcus"	"s__"	"otu13"
329	257	4	138	3341	143	22	307	49	90	18	70	46	317	62	75	476	96	10	24	11	1740	48	135	21	60	22	22	34	"GCAGCAGTGGGGAATATTGCGCAATGGGGGCAACCCTGACGCAGCCATGCCGCGTGAATGAAGAAGGCCTTCGGGTTGTAAAGTTCTTTCGGTAGCGAGGAAGGCATTTAGTTTAATAGACTAGGTGATTGACGTTAACTACAGAAGAAGCACCGGCTAACTCCGTGCCAGCAGCCGCGGTAATACGGAGGGTGCGAGCGTTAATCGGAATAACTGGGCGTAAAGGGCACGCAGGCGGTGACTTAAGTGAGGTGTGAAAGCCCCGGGCTTAACCTGGGAATTGCATTTCATACTGGGTCGCTAGAGTACTTTAGGGAGGGGTAGAATTCCACGTGTAGCGGTGAAATGCGTAGAGATGTGGAGGAATACCGAAGGCGAAGGCAGCCCCTTGGGAATGTACTGACGCTCATGTGCGAAAGCGTGGGGAGCAAACAGGATTAGATAC"	"k__Bacteria"	"p__Proteobacteria"	"c__Gammaproteobacteria"	"o__Pasteurellales"	"f__Pasteurellaceae"	"g__Haemophilus"	"s__parainfluenzae"	"otu14"
1202	798	43	198	303	711	325	795	114	249	54	131	666	450	61	241	156	81	46	116	30	181	107	105	52	229	17	141	91	"GCAGCAGTGGGGAATATTGCACAATGGGCGGAAGCCTGATGCAGCAACGCCGCGTGCGGGATGACGGCCTTCGGGTTGTAAACCGCTTTCGCCTGTGACGAAGCGTGAGTGACGGTAATGGGTAAAGAAGCACCGGCTAACTACGTGCCAGCAGCCGCGGTGATACGTAGGGTGCGAGCGTTGTCCGGATTTATTGGGCGTAAAGGGCTCGTAGGTGGTTGATCGCGTCGGAAGTGTAATCTTGGGGCTTAACCCTGAGCGTGCTTTCGATACGGGTTGACTTGAGGAAGGTAGGGGAGAATGGAATTCCTGGTGGAGCGGTGGAATGCGCAGATATCAGGAGGAACACCAGTGGCGAAGGCGGTTCTCTGGGCCTTTCCTGACGCTGAGGAGCGAAAGCGTGGGGAGCGAACAGGATTAGATAC"	"k__Bacteria"	"p__Actinobacteria"	"c__Actinobacteria"	"o__Actinomycetales"	"f__Propionibacteriaceae"	"g__Propionibacterium"	"s__acnes"	"otu15"
595	270	2	76	3327	770	2	86	77	3	15	88	96	306	21	49	1015	140	18	28	10	416	46	77	66	24	19	15	19	"GCTGCAGTGGGGAATTTTGGACAATGGGCGCAAGCCTGATCCAGCCATGCCGCGTGTCTGAAGAAGGCCTTCGGGTTGTAAAGGACTTTTGTCAGGGAAGAAAAGGGCGGGGTTAATACCCCTGTCTGATGACGGTACCTGAAGAATAAGCACCGGCTAACTACGTGCCAGCAGCCGCGGTAATACGTAGGGTGCGAGCGTTAATCGGAATTACTGGGCGTAAAGCGGGCGCAGACGGTTACTTAAGCAGGATGTGAAATCCCCGGGCTCAACCTGGGAACTGCGTTCTGAACTGGGTGACTAGAGTGTGTCAGAGGGAGGTAGAATTCCACGTGTAGCAGTGAAATGCGTAGAGATGTGGAGGAATACCGATGGCGAAGGCAGCCTCCTGGGATAACACTGACGTTCATGCCCGAAAGCGTGGGTAGCAAACAGGATTAGATAC"	"k__Bacteria"	"p__Proteobacteria"	"c__Betaproteobacteria"	"o__Neisseriales"	"f__Neisseriaceae"	"g__Neisseria"	"s__"	"otu16"
158	114	60	281	60	691	112	146	918	925	225	591	203	194	193	272	122	288	221	194	71	121	114	46	121	188	122	64	133	"GCTGCAGTAGGGAATCTTCCGCAATGGGCGAAAGCCTGACGGAGCAACGCCGCGTGAGTGATGAAGGTCTTCGGATCGTAAAACTCTGTTATTAGGGAAGAACAAACGTGTAAGTAACTGTGCACGTCTTGACGGTACCTAATCAGAAAGCCACGGCTAACTACGTGCCAGCAGCCGCGGTAATACGTAGGTGGCAAGCGTTATCCGGAATTATTGGGCGTAAAGCGCGCGTAGGCGGTTTTTTAAGTCTGATGTGAAAGCCCACGGCTCAACCGTGGAGGGTCATTGGAAACTGGAAAACTTGAGTGCAGAAGAGGAAAGTGGAATTCCATGTGTAGCGGTGAAATGCGCAGAGATATGGAGGAACACCAGTGGCGAAGGCGACTTTCTGGTCTGTAACTGACGCTGATGTGCGAAAGCGTGGGGATCAAACAGGATTAGATAC"	"k__Bacteria"	"p__Firmicutes"	"c__Bacilli"	"o__Bacillales"	"f__Staphylococcaceae"	"g__Staphylococcus"	"s__"	"otu17"
1884	1057	16	120	388	280	137	64	61	93	6	40	450	247	10	131	223	37	24	98	11	391	126	33	30	228	2	36	18	"GCTGCAGTGGGGAATATTGCACAATGGGCGGAAGCCTGATGCAGCGACGCCGCGTGAGGGATGACGGCCTTCGGGTTGTAAACCTCTTTCAGCAGGGACGAAGCGTAAGTGACGGTACCTGCAGAAGAAGCACCGGCTAACTACGTGCCAGCAGCCGCGGTAATACGTAGGGTGCGAGCGTTGTCCGGAATTACTGGGCGTAAAGAGCTCGTAGGCGGTTTGTCACGTCGTCTGTGAAATCCTAGGGCTTAACCCTGGACGTGCAGGCGATACGGGCTGACTTGAGTACTACAGGGGAGACTGGAATTTCTGGTGTAGCGGTGGAATGCACAGATATCAGGAAGAACACCGATGGCGAAGGCAGGTCTCTGGGTAGTAACTGACGCTGAGGAGCGAAAGCATGGGTAGCGAACAGGATTAGATAC"	"k__Bacteria"	"p__Actinobacteria"	"c__Actinobacteria"	"o__Actinomycetales"	"f__Corynebacteriaceae"	"g__Corynebacterium"	"s__"	"otu18"
142	168	105	652	59	428	283	494	248	334	130	244	68	477	162	468	245	126	38	221	13	95	357	45	97	216	9	89	71	"GCAGCAGTAGGGAATCTTCGGCAATGGGGGCAACCCTGACCGAGCAACGCCGCGTGAGTGAAGAAGGTTTTCGGATCGTAAAGCTCTGTTGTAAGTCAAGAACGGGTGTGAGAGTGGAAAGTTCACACTGTGACGGTAGCTTACCAGAAAGGGACGGCTAACTACGTGCCAGCAGCCGCGGTAATACGTAGGTCCCGAGCGTTGTCCGGATTTATTGGGCGTAAAGCGAGCGCAGGCGGTTTGATAAGTCTGAAGTTAAAGGCTGTGGCTCAACCATAGTTCGCTTTGGAAACTGTCAAACTTGAGTGCAGAAGGGGAGAGTGGAATTCCATGTGTAGCGGTGAAATGCGTAGATATATGGAGGAACACCGGTGGCGAAAGCGGCTCTCTGGTCTGTAACTGACGCTGAGGCTCGAAAGCGTGGGGAGCGAACAGGATTAGATAC"	"k__Bacteria"	"p__Firmicutes"	"c__Bacilli"	"o__Lactobacillales"	"f__Streptococcaceae"	"g__Streptococcus"	"s__"	"otu19"
232	207	5	110	2287	94	14	144	44	55	6	34	40	192	34	51	298	59	8	11	4	1677	30	58	21	29	7	19	15	"GCTGCAGTGGGGAATATTGCGCAATGGGGGCAACCCTGACGCAGCCATGCCGCGTGAATGAAGAAGGCCTTCGGGTTGTAAAGTTCTTTCGGTAGCGAGGAAGGCATTTAGTTTAATAGACTAGGTGATTGACGTTAACTACAGAAGAAGCACCGGCTAACTCCGTGCCAGCAGCCGCGGTAATACGGAGGGTGCGAGCGTTAATCGGAATAACTGGGCGTAAAGGGCACGCAGGCGGTGACTTAAGTGAGGTGTGAAAGCCCCGGGCTTAACCTGGGAATTGCATTTCATACTGGGTCGCTAGAGTACTTTAGGGAGGGGTAGAATTCCACGTGTAGCGGTGAAATGCGTAGAGATGTGGAGGAATACCGAAGGCGAAGGCAGCCCCTTGGGAATGTACTGACGCTCATGTGCGAAAGCGTGGGGAGCAAACAGGATTAGATAC"	"k__Bacteria"	"p__Proteobacteria"	"c__Gammaproteobacteria"	"o__Pasteurellales"	"f__Pasteurellaceae"	"g__Haemophilus"	"s__parainfluenzae"	"otu20"
979	680	15	162	223	432	134	381	81	135	20	69	409	227	47	145	104	61	22	97	10	163	90	53	33	145	5	71	34	"GCTGCAGTGGGGAATATTGCACAATGGGCGGAAGCCTGATGCAGCAACGCCGCGTGCGGGATGACGGCCTTCGGGTTGTAAACCGCTTTCGCCTGTGACGAAGCGTGAGTGACGGTAATGGGTAAAGAAGCACCGGCTAACTACGTGCCAGCAGCCGCGGTGATACGTAGGGTGCGAGCGTTGTCCGGATTTATTGGGCGTAAAGGGCTCGTAGGTGGTTGATCGCGTCGGAAGTGTAATCTTGGGGCTTAACCCTGAGCGTGCTTTCGATACGGGTTGACTTGAGGAAGGTAGGGGAGAATGGAATTCCTGGTGGAGCGGTGGAATGCGCAGATATCAGGAGGAACACCAGTGGCGAAGGCGGTTCTCTGGGCCTTTCCTGACGCTGAGGAGCGAAAGCGTGGGGAGCGAACAGGATTAGATAC"	"k__Bacteria"	"p__Actinobacteria"	"c__Actinobacteria"	"o__Actinomycetales"	"f__Propionibacteriaceae"	"g__Propionibacterium"	"s__acnes"	"otu25"
253	262	80	201	36	230	527	103	499	184	80	262	119	129	223	168	107	76	29	58	31	83	43	41	55	118	406	48	131	"GCAGCAGTGGGGAATATTGCACAATGGGCGCAAGCCTGATGCAGCGACGCCGCGTGGGGGATGACGGCCTTCGGGTTGTAAACTCCTTTCGCTAGGGACGAAGCTTTTTGTGACGGTACCTAGATAAGAAGCACCGGCTAACTACGTGCCAGCAGCCGCGGTAATACGTAGGGTGCGAGCGTTGTCCGGAATTACTGGGCGTAAAGGGCTCGTAGGTGGTTTGTCGCGTCGTCTGTGAAATTCCGGGGCTTAACTCCGGGCGTGCAGGCGATACGGGCATAACTTGAGTACTGTAGGGGTAACTGGAATTCCTGGTGTAGCGGTGAAATGCGCAGATATCAGGAGGAACACCGATGGCGAAGGCAGGTTACTGGGCAGTTACTGACGCTGAGGAGCGAAAGCATGGGTAGCGAACAGGATTAGATAC"	"k__Bacteria"	"p__Actinobacteria"	"c__Actinobacteria"	"o__Actinomycetales"	"f__Corynebacteriaceae"	"g__Corynebacterium"	"s__"	"otu26"
55	250	36	225	39	325	202	676	64	144	23	129	112	209	95	208	146	89	24	165	12	45	46	22	256	325	17	234	51	"GCAGCAGTGGGGAATTTTCCGCAATGGGCGAAAGCCTGACGGAGCAATGCCGCGTGGAGGTAGAAGGCCCACGGGTCGTGAACTTCTTTTCCCGGAGAAGAAGCAATGACGGTATCTGGGGAATAAGCATCGGCTAACTCTGTGCCAGCAGCCGCGGTAATACAGAGGATGCAAGCGTTATCCGGAATGATTGGGCGTAAAGCGTCTGTAGGTGGCTTTTTAAGTCCGCCGTCAAATCCCAGGGCTCAACCCTGGACAGGCGGTGGAAACTACCAAGCTGGAGTACGGTAGGGGCAGAGGGAATTTCCGGTGGAGCGGTGAAATGCGTAGAGATCGGAAAGAACACCAACGGCGAAAGCACTCTGCTGGGCCGACACTGACACTGAGAGACGAAAGCTAGGGGAGCGAATGGGATTAGATAC"	"k__Bacteria"	"p__Cyanobacteria"	"c__Chloroplast"	"o__Streptophyta"	"f__"	"g__"	"s__"	"otu28"
320	173	12	120	488	229	31	253	53	27	21	68	83	281	37	73	413	37	5	77	9	657	47	182	16	63	20	24	41	"GCAGCAGTAGGGAATCTTCCGCAATGGACGCAAGTCTGACGGAGCAACGCCGCGTGAGTGAAGAAGGTTTTCGGATCGTAAAACTCTGTTGTTAGAGAAGAACAAGTGCTAGAGTAACTGTTAGCGCCTTGACGGTATCTAACCAGAAAGCCACGGCTAACTACGTGCCAGCAGCCGCGGTAATACGTAGGTGGCAAGCGTTGTCCGGATTTATTGGGCGTAAAGCGAGCGCAGGCGGTTCCTTAAGTCTGATGTGAAAGCCCCCGGCTCAACCGGGGAGGGTCATTGGAAACTGGGGAACTTGAGTGCAGAAGAGGAGAGTGGAATTCCATGTGTAGCGGTGAAATGCGTAGATATATGGAGGAACACCAGTGGCGAAGGCGACTCTCTGGTCTGTAACTGACGCTGAGGCTCGAAAGCGTGGGTAGCAAACAGGATTAGATAC"	"k__Bacteria"	"p__Firmicutes"	"c__Bacilli"	"o__Lactobacillales"	"f__Carnobacteriaceae"	"g__Granulicatella"	"s__"	"otu30"
92	95	50	383	51	228	94	202	141	244	62	105	32	268	100	257	141	78	22	139	5	103	197	28	65	73	5	34	27	"GCTGCAGTAGGGAATCTTCGGCAATGGGGGCAACCCTGACCGAGCAACGCCGCGTGAGTGAAGAAGGTTTTCGGATCGTAAAGCTCTGTTGTAAGTCAAGAACGGGTGTGAGAGTGGAAAGTTCACACTGTGACGGTAGCTTACCAGAAAGGGACGGCTAACTACGTGCCAGCAGCCGCGGTAATACGTAGGTCCCGAGCGTTGTCCGGATTTATTGGGCGTAAAGCGAGCGCAGGCGGTTTGATAAGTCTGAAGTTAAAGGCTGTGGCTCAACCATAGTTCGCTTTGGAAACTGTCAAACTTGAGTGCAGAAGGGGAGAGTGGAATTCCATGTGTAGCGGTGAAATGCGTAGATATATGGAGGAACACCGGTGGCGAAAGCGGCTCTCTGGTCTGTAACTGACGCTGAGGCTCGAAAGCGTGGGGAGCGAACAGGATTAGATAC"	"k__Bacteria"	"p__Firmicutes"	"c__Bacilli"	"o__Lactobacillales"	"f__Streptococcaceae"	"g__Streptococcus"	"s__"	"otu37"
246	163	2	56	402	220	32	102	73	33	15	64	103	338	27	160	168	394	18	37	4	110	58	81	39	184	31	19	39	"GCAGCAGTAGGGAATCTTCCGCAATGGGCGAAAGCCTGACGGAGCAACGCCGCGTGAGTGAAGAAGGATTTCGGTTCGTAAAGCTCTGTTGTTAGGGAAGAATGATTGTGTAGTAACTATACACAGTAGAGACGGTACCTAACCAGAAAGCCACGGCTAACTACGTGCCAGCAGCCGCGGTAATACGTAGGTGGCAAGCGTTGTCCGGAATTATTGGGCGTAAAGCGCGCGCAGGTGGTTTAATAAGTCTGATGTGAAAGCCCACGGCTCAACCGTGGAGGGTCATTGGAAACTGTTAAACTTGAGTGCAGGAGAGAAAAGTGGAATTCCTAGTGTAGCGGTGAAATGCGTAGAGATTAGGAGGAACACCAGTGGCGAAGGCGGCTTTTTGGCCTGTAACTGACACTGAGGCGCGAAAGCGTGGGGAGCAAACAGGATTAGATAC"	"k__Bacteria"	"p__Firmicutes"	"c__Bacilli"	"o__Gemellales"	"f__Gemellaceae"	"g__"	"s__"	"otu38"
28	12	9	60	9	54	20	71	127	65	59	177	18	360	977	91	31	34	47	41	32	18	117	98	37	70	323	201	17	"GCAGCAGTGGGGAATATTGGACAATGGGCGAAAGCCTGATCCAGCCATGCCGCGTGTGTGAAGAAGGCCTTTTGGTTGTAAAGCACTTTAAGCGAGGAGGAGGCTACTTGGATTAATACTCTAGGATAGTGGACGTTACTCGCAGAATAAGCACCGGCTAACTCTGTGCCAGCAGCCGCGGTAATACAGAGGGTGCGAGCGTTAATCGGATTTACTGGGCGTAAAGCGTGCGTAGGCGGCTTTTTAAGTCGGATGTGAAATCCCTGAGCTTAACTTAGGAATTGCATTCGATACTGGGAAGCTAGAGTATGGGAGAGGATGGTAGAATTCCAGGTGTAGCGGTGAAATGCGTAGAGATCTGGAGGAATACCGATGGCGAAGGCAGCCATCTGGCCTAATACTGACGCTGAGGTACGAAAGCATGGGGAGCAAACAGGATTAGATAC"	"k__Bacteria"	"p__Proteobacteria"	"c__Gammaproteobacteria"	"o__Pseudomonadales"	"f__Moraxellaceae"	"g__Acinetobacter"	"s__johnsonii"	"otu39"
84	59	30	96	14	281	112	95	110	62	59	191	35	664	66	137	136	23	15	60	5	397	90	18	22	167	4	99	15	"GCAGCAGTAGGGAATCTTCCACAATGGACGCAAGTCTGATGGAGCAACGCCGCGTGAGTGAAGAAGGTTTTCGGATCGTAAAGCTCTGTTGTTGGTGAAGAAGGATAGAGGCAGTAACTGGTCTTTATTTGACGGTAATCAACCAGAAAGTCACGGCTAACTACGTGCCAGCAGCCGCGGTAATACGTAGGTGGCAAGCGTTGTCCGGATTTATTGGGCGTAAAGCGAGCGCAGGCGGAATGATAAGTCTGATGTGAAAGCCCACGGCTCAACCGTGGAACTGCATCGGAAACTGTCATTCTTGAGTGCAGAAGAGGAGAGTGGAATTCCATGTGTAGCGGTGGAATGCGTAGATATATGGAAGAACACCAGTGGCGAAGGCGGCTCTCTGGTCTGCAACTGACGCTGAGGCTCGAAAGCATGGGTAGCGAACAGGATTAGATAC"	"k__Bacteria"	"p__Firmicutes"	"c__Bacilli"	"o__Lactobacillales"	"f__Lactobacillaceae"	"g__Lactobacillus"	"s__delbrueckii"	"otu41"
37	8	20	54	2	45	39	24	227	29	58	173	7	118	603	63	30	31	92	61	76	14	162	39	25	31	617	338	5	"GCAGCAGTGGGGAATATTGGACAATGGGCGAAAGCCTGATCCAGCCATGCCGCGTGTGTGAAGAAGGCCTTTTGGTTGTAAAGCACTTTAAGCGAGGAGGAGGCTACTTAGATTAATACTCTAGGATAGTGGACGTTACTCGCAGAATAAGCACCGGCTAACTCTGTGCCAGCAGCCGCGGTAATACAGAGGGTGCGAGCGTTAATCGGATTTACTGGGCGTAAAGCGTGCGTAGGCGGCTTTTTAAGTCGGATGTGAAATCCCTGAGCTTAACTTAGGAATTGCATTCGATACTGGGAAGCTAGAGTATGGGAGAGGATGGTAGAATTCCAGGTGTAGCGGTGAAATGCGTAGAGATCTGGAGGAATACCGATGGCGAAGGCAGCCATCTGGCCTAATACTGACGCTGAGGTACGAAAGCATGGGGAGCAAACAGGATTAGATAC"	"k__Bacteria"	"p__Proteobacteria"	"c__Gammaproteobacteria"	"o__Pseudomonadales"	"f__Moraxellaceae"	"g__Acinetobacter"	"s__johnsonii"	"otu42"
409	258	5	61	28	143	293	70	64	104	54	85	204	166	50	56	224	60	13	82	5	47	44	24	20	56	70	42	45	"GCAGCAGTAGGGAATCTTCCGCAATGGGCGAAAGCCTGACGGAGCAACGCCGCGTGAGTGAAGAAGGTCTTCGGATCGTAAAACTCTGTTATTAGGGAAGAACAAATGTGTAAGTAACTATGCACGTCTTGACGGTACCTAATCAGAAAGCCACGGCTAACTACGTGCCAGCAGCCGCGGTAATACGTAGGTGGCAAGCGTTATCCGGAATTATTGGGCGTAAAGCGCGCGTAGGCGGTTTTTTAAGTCTGATGTGAAAGCCCACGGCTCAACCGTGGAGGGTCATTGGAAACTGGAAAACTTGAGTGCAGAAGAGGAAAGTGGAATTCCATGTGTAGCGGTGAAATGCGCAGAGATATGGAGGAACACCAGTGGCGAAGGCGACTTTCTGGTCTGTAACTGACGCTGATGTGCGAAAGCGTGGGGATCAAACAGGATTAGATAC"	"k__Bacteria"	"p__Firmicutes"	"c__Bacilli"	"o__Bacillales"	"f__Staphylococcaceae"	"g__Staphylococcus"	NA	"otu45"
2	9	8	80	8	65	28	58	24	29	74	144	6	275	1059	124	24	40	9	46	59	7	148	102	15	115	74	42	24	"GCAGCAGTGGGGAATATTGGACAATGGGCGCAAGCCTGATCCAGCCATGCCGCGTGTGTGAAGAAGGCCTTTTGGTTGTAAAGCACTTTAAGCGAGGAGGAGGCTACTTGGATTAATACTCTAGGATAGTGGACGTTACTCGCAGAATAAGCACCGGCTAACTCTGTGCCAGCAGCCGCGGTAATACAGAGGGTGCGAGCGTTAATCGGATTTACTGGGCGTAAAGCGTGCGTAGGCGGCTTTTTAAGTCGGATGTGAAATCCCTGAGCTTAACTTAGGAATTGCATTCGATACTGGGAAGCTAGAGTATGGGAGAGGATGGTAGAATTCCAGGTGTAGCGGTGAAATGCGTAGAGATCTGGAGGAATACCGATGGCGAAGGCAGCCATCTGGCCTAATACTGACGCTGAGGTACGAAAGCATGGGGAGCAAACAGGATTAGATAC"	"k__Bacteria"	"p__Proteobacteria"	"c__Gammaproteobacteria"	"o__Pseudomonadales"	"f__Moraxellaceae"	"g__Acinetobacter"	"s__johnsonii"	"otu46"
32	219	21	130	39	217	86	332	43	93	17	68	73	136	53	120	104	80	13	106	5	44	38	8	149	192	8	116	25	"GCTGCAGTGGGGAATTTTCCGCAATGGGCGAAAGCCTGACGGAGCAATGCCGCGTGGAGGTAGAAGGCCCACGGGTCGTGAACTTCTTTTCCCGGAGAAGAAGCAATGACGGTATCTGGGGAATAAGCATCGGCTAACTCTGTGCCAGCAGCCGCGGTAATACAGAGGATGCAAGCGTTATCCGGAATGATTGGGCGTAAAGCGTCTGTAGGTGGCTTTTTAAGTCCGCCGTCAAATCCCAGGGCTCAACCCTGGACAGGCGGTGGAAACTACCAAGCTGGAGTACGGTAGGGGCAGAGGGAATTTCCGGTGGAGCGGTGAAATGCGTAGAGATCGGAAAGAACACCAACGGCGAAAGCACTCTGCTGGGCCGACACTGACACTGAGAGACGAAAGCTAGGGGAGCGAATGGGATTAGATAC"	"k__Bacteria"	"p__Cyanobacteria"	"c__Chloroplast"	"o__Streptophyta"	"f__"	"g__"	"s__"	"otu49"
204	97	5	71	389	111	9	103	35	15	12	41	21	162	14	51	326	26	2	40	5	597	24	108	23	42	9	8	15	"GCTGCAGTAGGGAATCTTCCGCAATGGACGCAAGTCTGACGGAGCAACGCCGCGTGAGTGAAGAAGGTTTTCGGATCGTAAAACTCTGTTGTTAGAGAAGAACAAGTGCTAGAGTAACTGTTAGCGCCTTGACGGTATCTAACCAGAAAGCCACGGCTAACTACGTGCCAGCAGCCGCGGTAATACGTAGGTGGCAAGCGTTGTCCGGATTTATTGGGCGTAAAGCGAGCGCAGGCGGTTCCTTAAGTCTGATGTGAAAGCCCCCGGCTCAACCGGGGAGGGTCATTGGAAACTGGGGAACTTGAGTGCAGAAGAGGAGAGTGGAATTCCATGTGTAGCGGTGAAATGCGTAGATATATGGAGGAACACCAGTGGCGAAGGCGACTCTCTGGTCTGTAACTGACGCTGAGGCTCGAAAGCGTGGGTAGCAAACAGGATTAGATAC"	"k__Bacteria"	"p__Firmicutes"	"c__Bacilli"	"o__Lactobacillales"	"f__Carnobacteriaceae"	"g__Granulicatella"	"s__"	"otu50"
183	209	54	113	24	130	232	48	305	100	39	133	60	76	119	90	68	61	15	49	10	75	18	25	28	49	171	18	59	"GCTGCAGTGGGGAATATTGCACAATGGGCGCAAGCCTGATGCAGCGACGCCGCGTGGGGGATGACGGCCTTCGGGTTGTAAACTCCTTTCGCTAGGGACGAAGCTTTTTGTGACGGTACCTAGATAAGAAGCACCGGCTAACTACGTGCCAGCAGCCGCGGTAATACGTAGGGTGCGAGCGTTGTCCGGAATTACTGGGCGTAAAGGGCTCGTAGGTGGTTTGTCGCGTCGTCTGTGAAATTCCGGGGCTTAACTCCGGGCGTGCAGGCGATACGGGCATAACTTGAGTACTGTAGGGGTAACTGGAATTCCTGGTGTAGCGGTGAAATGCGCAGATATCAGGAGGAACACCGATGGCGAAGGCAGGTTACTGGGCAGTTACTGACGCTGAGGAGCGAAAGCATGGGTAGCGAACAGGATTAGATAC"	"k__Bacteria"	"p__Actinobacteria"	"c__Actinobacteria"	"o__Actinomycetales"	"f__Corynebacteriaceae"	"g__Corynebacterium"	"s__"	"otu51"
22	14	9	52	8	51	35	52	169	26	55	211	19	149	586	65	42	22	110	27	41	27	70	86	27	19	351	109	13	"GCAGCAGTGGGGAATATTGGACAATGGGCGAAAGCCTGATCCAGCCATGCCGCGTGTGTGAAGAAGGCCTTTTGGTTGTAAAGCACTTTAAGCGAGGAGGAGGCTACTTAGATTAATACTCTAGGATAGTGGACGTTACTCGCAGAATAAGCACCGGCTAACTCTGTGCCAGCAGCCGCGGTAATACAGAGGGTGCGAGCGTTAATCGGATTTACTGGGCGTAAAGCGTGCGTAGGCGGCTTCTTAAGTCGGATGTGAAATCCCTGAGCTTAACTTAGGAATTGCATTCGATACTGGGAAGCTAGAGTATGGGAGAGGATGGTAGAATTCCAGGTGTAGCGGTGAAATGCGTAGAGATCTGGAGGAATACCGATGGCGAAGGCAGCCATCTGGCCTAATACTGACGCTGAGGTACGAAAGCATGGGGAGCAAACAGGATTAGATAC"	"k__Bacteria"	"p__Proteobacteria"	"c__Gammaproteobacteria"	"o__Pseudomonadales"	"f__Moraxellaceae"	"g__Acinetobacter"	"s__johnsonii"	"otu52"
228	122	4	141	532	166	21	23	32	64	10	55	67	156	37	40	122	58	6	22	4	86	29	227	56	40	3	18	31	"GCAGCAGTAGGGAATCTTCGGCAATGGGGGGAACCCTGACCGAGCAACGCCGCGTGAGTGAAGAAGGTTTTCGGATCGTAAAGCTCTGTTGTAAGAGAAGAACGGGTGTGAGAGTGGAAAGTTCACACTGTGACGGTATCTTACCAGAAAGGGACGGCTAACTACGTGCCAGCAGCCGCGGTAATACGTAGGTCCCGAGCGTTGTCCGGATTTATTGGGCGTAAAGCGAGCGCAGGCGGTTAGATAAGTCTGAAGTTAAAGGCTGTGGCTTAACCATAGTATGCTTTGGAAACTGTTTAACTTGAGTGCAGAAGGGGAGAGTGGAATTCCATGTGTAGCGGTGAAATGCGTAGATATATGGAGGAACACCGGTGGCGAAAGCGGCTCTCTGGTCTGTAACTGACGCTGAGGCTCGAAAGCGTGGGGAGCAAACAGGATTAGATAC"	"k__Bacteria"	"p__Firmicutes"	"c__Bacilli"	"o__Lactobacillales"	"f__Streptococcaceae"	"g__Streptococcus"	"s__"	"otu53"
163	122	16	96	112	85	55	178	84	47	15	56	108	138	34	49	260	43	54	89	31	87	79	127	53	54	51	25	32	"GCAGCAGTGGGGAATCTTCCGCAATGGACGAAAGTCTGACGGAGCAACGCCGCGTGAGTGATGACGGCCTTCGGGTTGTAAAGCTCTGTTAATCGGGACGAAAGGCCTTCTTGCGAATAGTGAGAAGGATTGACGGTACCGGAATAGAAAGCCACGGCTAACTACGTGCCAGCAGCCGCGGTAATACGTAGGTGGCAAGCGTTGTCCGGAATTATTGGGCGTAAAGCGCGCGCAGGCGGATAGGTCAGTCTGTCTTAAAAGTTCGGGGCTTAACCCCGTGATGGGATGGAAACTGCCAATCTAGAGTATCGGAGAGGAAAGTGGAATTCCTAGTGTAGCGGTGAAATGCGTAGATATTAGGAAGAACACCAGTGGCGAAGGCGACTTTCTGGACGAAAACTGACGCTGAGGCGCGAAAGCCAGGGGAGCGAACGGGATTAGATAC"	"k__Bacteria"	"p__Firmicutes"	"c__Clostridia"	"o__Clostridiales"	"f__Veillonellaceae"	"g__Veillonella"	"s__dispar"	"otu54"
208	221	9	112	23	170	106	83	11	105	26	72	136	198	36	43	118	62	28	85	29	45	5	58	42	240	6	32	17	"GCAGCAGTGGGGAATATTGCACAATGGGCGGAAGCCTGATGCAGCGACGCCGCGTGAGGGATGACGGCCTTCGGGTTGTAAACCTCTTTCAGCAGGGACGAAGCGTAAGTGACGGTACCTGCAGAAGAAGCACCGGCTAACTATGTGCCAGCAGCCGCGGTAATACGTAGGGTGCGAGCGTTGTCCGGAATTACTGGGCGTAAAGAGCTCGTAGGCGGTTTGTCACGTCGTCTGTGAAATCCTAGGGCTTAACCCTGGACGTGCAGGCGATACGGGCTGACTTGAGTACTACAGGGGAGACTGGAATTTCTGGTGTAGCGGTGGAATGCACAGATATCAGGAAGAACACCGATGGCGAAGGCAGGTCTCTGGGTAGTAACTGACGCTGAGGAGCGAAAGCATGGGTAGCGAACAGGATTAGATAC"	"k__Bacteria"	"p__Actinobacteria"	"c__Actinobacteria"	"o__Actinomycetales"	"f__Corynebacteriaceae"	"g__Corynebacterium"	"s__"	"otu55"
125	122	497	49	19	106	69	90	32	16	124	90	74	62	61	78	59	27	6	32	4	19	39	16	15	169	94	66	35	"GCAGCAGTGGGGAATATTGCACAATGGGGGAAACCCTGATGCAGCGACGCCGCGTGAACGAAGAAGGTATTCGTATCGTAAAGTTCTGTCCTATGGGAAGATAATGACAGTACCATAGAAGAAAGCTCCGGCTAAATACGTGCCAGCAGCCGCGGTAATACGTATGGAGCGAGCGTTGTCCGGAATTATTGGGCGTAAAGGGTACGCAGGCGGTTTAATAAGTCGAATGTTAAAGATCGGGGCTCAACCCCGTAAAGCATTGGAAACTGATAAACTTGAGTAGTGGAGAGGAAAGTGGAATTCCTAGTGTAGTGGTGAAATACGTAGATATTAGGAGGAATACCAGTAGCGAAGGCGACTTTCTGGACACAAACTGACGCTGAGGTACGAAAGCGTGGGGAGCAAACAGGATTAGATAC"	"k__Bacteria"	"p__Firmicutes"	"c__Clostridia"	"o__Clostridiales"	"f__[Tissierellaceae]"	"g__Finegoldia"	"s__"	"otu58"
82	94	6	51	43	105	22	116	115	137	18	32	30	114	54	184	33	39	13	42	31	542	63	87	39	57	2	6	13	"GCAGCAGTAGGGAATCTTCGGCAATGGGGGCAACCCTGACCGAGCAACGCCGCGTGAGTGAAGAAGGTTTTCGGATCGTAAAGCTCTGTTGTAAGTCAAGAACGAGTGTGAGAGTGGAAAGTTCACACTGTGACGGTAGCTTACCAGAAAGGGACGGCTAACTACGTGCCAGCAGCCGCGGTAATACGTAGGTCCCGAGCGTTGTCCGGATTTATTGGGCGTAAAGCGAGCGCAGGCGGTTTGATAAGTCTGAAGTTAAAGGCTGTGGCTCAACCATAGTTCGCTTTGGAAACTGTCAAACTTGAGTGCAGAAGGGGAGAGTGGAATTCCATGTGTAGCGGTGAAATGCGTAGATATATGGAGGAACACCGGTGGCGAAAGCGGCTCTCTGGTCTGTAACTGACGCTGAGGCTCGAAAGCGTGGGGAGCGAACAGGATTAGATAC"	"k__Bacteria"	"p__Firmicutes"	"c__Bacilli"	"o__Lactobacillales"	"f__Streptococcaceae"	"g__Streptococcus"	"s__"	"otu60"
77	223	13	51	13	171	80	25	34	56	29	28	155	76	16	49	61	17	16	73	12	119	61	54	55	343	1	190	18	"GCAGCAGTGGGGAATTTTGGACAATGGGGGAAACCCTGATCCAGCCATGCCGCGTGTATGAAGAAGGCCTTAGGGTTGTAAAGTACTTTTGTTAGGGAAGAAAAGCTAGTTTTTAATAAAAATTAGTGATGACGGTACCTAAAGAATAAGCACCGGCTAACTACGTGCCAGCAGCCGCGGTAATACGTAGGGTGCAAGCGTTAATCGGAATTATTGGGCGTAAAGCGAGTGCAGACGGTTACTTAAGCCAGATGTGAAATCCCCAAGCTTAACTTGGGACGTGCATTTGGAACTGGGTGACTAGAGTGTGTCAGAGGGAGGTAGAATTCCACATGTAGCGGTGGAATGCGTAGAGATGTGGAGGAATACCGATGGCGAAGGCAGCCTCCTGGGATAACACTGACGTTGAGGCTCGAAAGCGTGGGGAGCAAACAGGATTAGATAC"	"k__Bacteria"	"p__Proteobacteria"	"c__Betaproteobacteria"	"o__Neisseriales"	"f__Neisseriaceae"	"g__"	"s__"	"otu61"
73	46	12	51	12	130	40	47	72	30	40	128	13	376	38	76	78	28	9	30	3	362	30	4	20	109	6	39	12	"GCTGCAGTAGGGAATCTTCCACAATGGACGCAAGTCTGATGGAGCAACGCCGCGTGAGTGAAGAAGGTTTTCGGATCGTAAAGCTCTGTTGTTGGTGAAGAAGGATAGAGGCAGTAACTGGTCTTTATTTGACGGTAATCAACCAGAAAGTCACGGCTAACTACGTGCCAGCAGCCGCGGTAATACGTAGGTGGCAAGCGTTGTCCGGATTTATTGGGCGTAAAGCGAGCGCAGGCGGAATGATAAGTCTGATGTGAAAGCCCACGGCTCAACCGTGGAACTGCATCGGAAACTGTCATTCTTGAGTGCAGAAGAGGAGAGTGGAATTCCATGTGTAGCGGTGGAATGCGTAGATATATGGAAGAACACCAGTGGCGAAGGCGGCTCTCTGGTCTGCAACTGACGCTGAGGCTCGAAAGCATGGGTAGCGAACAGGATTAGATAC"	"k__Bacteria"	"p__Firmicutes"	"c__Bacilli"	"o__Lactobacillales"	"f__Lactobacillaceae"	"g__Lactobacillus"	"s__delbrueckii"	"otu66"
138	108	4	53	12	163	48	50	7	64	58	176	54	207	96	85	40	67	6	59	15	39	35	64	28	115	21	28	54	"GCAGCAGTGGGGAATATTGCACAATGGGCGCAAGCCTGATGCAGCGACGCCGCGTGAGGGATGACGGCCTTCGGGTTGTAAACCTCTTTCAGTAGGGAAGAAGCGAAAGTGACGGTACCTGCAGAAGAAGCACCGGCTAACTACGTGCCAGCAGCCGCGGTAATACGTAGGGTGCGAGCGTTATCCGGAATTATTGGGCGTAAAGAGCTCGTAGGCGGTTTGTCGCGTCTGTCGTGAAAGTCCGGGGCTTAACCCCGGATCTGCGGTGGGTACGGGCAGACTAGAGTGCAGTAGGGGAGACTGGAATTCCTGGTGTAGCGGTGGAATGCGCAGATATCAGGAGGAACACCGATGGCGAAGGCAGGTCTCTGGGCTGTAACTGACGCTGAGGAGCGAAAGCATGGGGAGCGAACAGGATTAGATAC"	"k__Bacteria"	"p__Actinobacteria"	"c__Actinobacteria"	"o__Actinomycetales"	"f__Micrococcaceae"	"g__Micrococcus"	"s__"	"otu67"
25	48	9	90	32	77	38	161	21	78	75	192	35	208	104	58	27	71	29	57	4	36	44	11	87	63	35	16	38	"GCAGCAGTGGGGAATATTGGACAATGGGGGGAACCCTGATCCAGCCATGCCGCGTGTGTGAAGAAGGCCTTTTGGTTGTAAAGCACTTTAAGCGAGGAGGAGGCTACCGAGATTAATACTCTTGGATAGTGGACGTTACTCGCAGAATAAGCACCGGCTAACTCTGTGCCAGCAGCCGCGGTAATACAGAGGGTGCAAGCGTTAATCGGATTTACTGGGCGTAAAGCGCGCGTAGGTGGCCAATTAAGTCAAATGTGAAATCCCCGAGCTTAACTTGGGAATTGCATTCGATACTGGTTGGCTAGAGTATGGGAGAGGATGGTAGAATTCCAGGTGTAGCGGTGAAATGCGTAGAGATCTGGAGGAATACCGATGGCGAAGGCAGCCATCTGGCCTAATACTGACACTGAGGTGCGAAAGCATGGGGAGCAAACAGGATTAGATAC"	"k__Bacteria"	"p__Proteobacteria"	"c__Gammaproteobacteria"	"o__Pseudomonadales"	"f__Moraxellaceae"	"g__Acinetobacter"	"s__lwoffii"	"otu71"
163	46	19	71	113	73	28	22	15	8	12	32	80	92	31	89	109	84	15	26	7	49	21	54	34	313	71	10	3	"GCAGCAGTAGGGAATCTTCCGCAATGGACGCAAGTCTGACGGAGCAACGCCGCGTGAGTGAAGAAGGATTTCGGTTCGTAAAACTCTGTTGTTAGAGAAGAACAGCGCATAGAGTAACTGTTATGCGTGTGACGGTATCTAACCAGAAAGCCACGGCTAACTACGTGCCAGCAGCCGCGGTAATACGTAGGTGGCAAGCGTTGTCCGGATTTATTGGGCGTAAAGCGAGCGCAGGCGGTCAATTAAGTCTGATGTGAAAGCCCCCGGCTCAACCGGGGAGGGTCATTGGAAACTGGTTGACTTGAGTGCAGAAGAGGAGAGTGGAATTCCATGTGTAGCGGTGAAATGCGTAGATATATGGAGGAACACCAGTGGCGAAGGCGACTCTCTGGTCTGTAACTGACGCTGAGGCTCGAAAGCGTGGGTAGCAAACAGGATTAGATAC"	"k__Bacteria"	"p__Firmicutes"	"c__Bacilli"	"o__Lactobacillales"	"f__Carnobacteriaceae"	"g__Granulicatella"	"s__"	"otu73"
134	88	6	46	181	77	16	197	30	12	5	19	48	77	25	42	74	89	8	20	15	80	28	119	19	129	20	13	30	"GCAGCAGTAGGGAATCTTCGGCAATGGACGGAAGTCTGACCGAGCAACGCCGCGTGAGTGAAGAAGGTTTTCGGATCGTAAAGCTCTGTTGTAAGAGAAGAACGAGTGTGAGAGTGGAAAGTTCACACTGTGACGGTATCTTACCAGAAAGGGACGGCTAACTACGTGCCAGCAGCCGCGGTAATACGTAGGTCCCGAGCGTTGTCCGGATTTATTGGGCGTAAAGCGAGCGCAGGCGGTTAGATAAGTCTGAAGTTAAAGGCTGTGGCTTAACCATAGTACGCTTTGGAAACTGTTTAACTTGAGTGCAAGAGGGGAGAGTGGAATTCCATGTGTAGCGGTGAAATGCGTAGATATATGGAGGAACACCGGTGGCGAAAGCGGCTCTCTGGCGTGTAACTGACGCTGAGGCTCGAAAGCGTGGGGAGCAAACAGGATTAGATAC"	"k__Bacteria"	"p__Firmicutes"	"c__Bacilli"	"o__Lactobacillales"	"f__Streptococcaceae"	"g__Streptococcus"	"s__infantis"	"otu75"
54	88	5	46	384	59	46	57	17	71	11	78	21	49	9	16	78	41	29	73	17	33	19	203	19	71	8	12	27	"GCAGCAGTAGGGAATCTTCGGCAATGGACGAAAGTCTGACCGAGCAACGCCGCGTGAGTGAAGAAGGTTTTCGGATCGTAAAGCTCTGTTGTAAGAGAAGAACGGGTGTGAGAGTGGAAAGTTCACACTGTGACGGTATCTTACCAGAAAGGGACGGCTAACTACGTGCCAGCAGCCGCGGTAATACGTAGGTCCCGAGCGTTGTCCGGATTTATTGGGCGTAAAGCGAGCGCAGGCGGTTAGATAAGTCTGAAGTTAAAGGCTGTGGCTTAACCATAGTACGCTTTGGAAACTGTTTAACTTGAGTGCAGAAGGGGAGAGTGGAATTCCATGTGTAGCGGTGAAATGCGTAGATATATGGAGGAACACCGGTGGCGAAAGCGGCTCTCTGGTCTGTAACTGACGCTGAGGCTCGAAAGCGTGGGGAGCGAACAGGATTAGATAC"	"k__Bacteria"	"p__Firmicutes"	"c__Bacilli"	"o__Lactobacillales"	"f__Streptococcaceae"	"g__Streptococcus"	"s__"	"otu76"
2	7	2	47	4	54	20	25	19	16	44	72	3	123	587	78	17	24	5	31	44	15	96	52	8	45	45	21	7	"GCTGCAGTGGGGAATATTGGACAATGGGCGCAAGCCTGATCCAGCCATGCCGCGTGTGTGAAGAAGGCCTTTTGGTTGTAAAGCACTTTAAGCGAGGAGGAGGCTACTTGGATTAATACTCTAGGATAGTGGACGTTACTCGCAGAATAAGCACCGGCTAACTCTGTGCCAGCAGCCGCGGTAATACAGAGGGTGCGAGCGTTAATCGGATTTACTGGGCGTAAAGCGTGCGTAGGCGGCTTTTTAAGTCGGATGTGAAATCCCTGAGCTTAACTTAGGAATTGCATTCGATACTGGGAAGCTAGAGTATGGGAGAGGATGGTAGAATTCCAGGTGTAGCGGTGAAATGCGTAGAGATCTGGAGGAATACCGATGGCGAAGGCAGCCATCTGGCCTAATACTGACGCTGAGGTACGAAAGCATGGGGAGCAAACAGGATTAGATAC"	"k__Bacteria"	"p__Proteobacteria"	"c__Gammaproteobacteria"	"o__Pseudomonadales"	"f__Moraxellaceae"	"g__Acinetobacter"	"s__johnsonii"	"otu81"
256	175	4	38	20	101	124	34	35	48	24	41	71	69	27	31	123	27	8	39	2	57	22	30	7	25	27	12	15	"GCTGCAGTAGGGAATCTTCCGCAATGGGCGAAAGCCTGACGGAGCAACGCCGCGTGAGTGAAGAAGGTCTTCGGATCGTAAAACTCTGTTATTAGGGAAGAACAAATGTGTAAGTAACTATGCACGTCTTGACGGTACCTAATCAGAAAGCCACGGCTAACTACGTGCCAGCAGCCGCGGTAATACGTAGGTGGCAAGCGTTATCCGGAATTATTGGGCGTAAAGCGCGCGTAGGCGGTTTTTTAAGTCTGATGTGAAAGCCCACGGCTCAACCGTGGAGGGTCATTGGAAACTGGAAAACTTGAGTGCAGAAGAGGAAAGTGGAATTCCATGTGTAGCGGTGAAATGCGCAGAGATATGGAGGAACACCAGTGGCGAAGGCGACTTTCTGGTCTGTAACTGACGCTGATGTGCGAAAGCGTGGGGATCAAACAGGATTAGATAC"	"k__Bacteria"	"p__Firmicutes"	"c__Bacilli"	"o__Bacillales"	"f__Staphylococcaceae"	"g__Staphylococcus"	"s__epidermidis"	"otu84"
121	105	20	71	107	52	11	86	60	31	5	25	50	63	12	28	184	27	34	47	16	100	40	52	20	20	37	17	11	"GCTGCAGTGGGGAATCTTCCGCAATGGACGAAAGTCTGACGGAGCAACGCCGCGTGAGTGATGACGGCCTTCGGGTTGTAAAGCTCTGTTAATCGGGACGAAAGGCCTTCTTGCGAATAGTGAGAAGGATTGACGGTACCGGAATAGAAAGCCACGGCTAACTACGTGCCAGCAGCCGCGGTAATACGTAGGTGGCAAGCGTTGTCCGGAATTATTGGGCGTAAAGCGCGCGCAGGCGGATAGGTCAGTCTGTCTTAAAAGTTCGGGGCTTAACCCCGTGATGGGATGGAAACTGCCAATCTAGAGTATCGGAGAGGAAAGTGGAATTCCTAGTGTAGCGGTGAAATGCGTAGATATTAGGAAGAACACCAGTGGCGAAGGCGACTTTCTGGACGAAAACTGACGCTGAGGCGCGAAAGCCAGGGGAGCGAACGGGATTAGATAC"	"k__Bacteria"	"p__Firmicutes"	"c__Clostridia"	"o__Clostridiales"	"f__Veillonellaceae"	"g__Veillonella"	"s__dispar"	"otu86"
14	10	1	46	6	53	15	73	11	27	23	71	10	167	415	63	15	6	14	23	6	13	84	68	14	47	80	49	23	"GCAGCAGTGGGGAATATTGGACAATGGGCGCAAGCCTGATCCAGCCATGCCGCGTGTGTGAAGAAGGCCTTTTGGTTGTAAAGCACTTTAAGCGAGGAGGAGGCTACTTGGATTAATACTCTAGGATAGTGGACGTTACTCGCAGAATAAGCACCGGCTAACTCTGTGCCAGCAGCCGCGGTAATACAGAGGGTGCGAGCGTTAATCGGATTTACTGGGCGTAAAGCGTGCGTAGGCGGCTTCTTAAGTCGGATGTGAAATCCCTGAGCTTAACTTAGGAATTGCATTCGATACTGGGAAGCTAGAGTATGGGAGAGGATGGTAGAATTCCAGGTGTAGCGGTGAAATGCGTAGAGATCTGGAGGAATACCGATGGCGAAGGCAGCCATCTGGCCTAATACTGACGCTGAGGTACGAAAGCATGGGGAGCAAACAGGATTAGATAC"	"k__Bacteria"	"p__Proteobacteria"	"c__Gammaproteobacteria"	"o__Pseudomonadales"	"f__Moraxellaceae"	"g__Acinetobacter"	"s__johnsonii"	"otu87"
49	59	3	34	25	80	9	55	75	104	7	8	19	48	22	101	24	24	5	27	15	516	25	36	18	29	2	4	2	"GCTGCAGTAGGGAATCTTCGGCAATGGGGGCAACCCTGACCGAGCAACGCCGCGTGAGTGAAGAAGGTTTTCGGATCGTAAAGCTCTGTTGTAAGTCAAGAACGAGTGTGAGAGTGGAAAGTTCACACTGTGACGGTAGCTTACCAGAAAGGGACGGCTAACTACGTGCCAGCAGCCGCGGTAATACGTAGGTCCCGAGCGTTGTCCGGATTTATTGGGCGTAAAGCGAGCGCAGGCGGTTTGATAAGTCTGAAGTTAAAGGCTGTGGCTCAACCATAGTTCGCTTTGGAAACTGTCAAACTTGAGTGCAGAAGGGGAGAGTGGAATTCCATGTGTAGCGGTGAAATGCGTAGATATATGGAGGAACACCGGTGGCGAAAGCGGCTCTCTGGTCTGTAACTGACGCTGAGGCTCGAAAGCGTGGGGAGCGAACAGGATTAGATAC"	"k__Bacteria"	"p__Firmicutes"	"c__Bacilli"	"o__Lactobacillales"	"f__Streptococcaceae"	"g__Streptococcus"	"s__"	"otu89"
44	32	1	50	9	49	29	41	3	69	70	83	53	63	124	61	3	142	7	9	72	50	145	36	111	17	6	17	1	"GCAGCAGTGGGGAATCTTAGACAATGGGGGCAACCCTGATCTAGCCATGCCGCGTGAGTGATGAAGGCCTTAGGGTTGTAAAGCTCTTTCAGCTGGGAAGATAATGACGGTACCAGCAGAAGAAGCCCCGGCTAACTCCGTGCCAGCAGCCGCGGTAATACGGAGGGGGCTAGCGTTGTTCGGAATTACTGGGCGTAAAGCGCACGTAGGCGGACTGGAAAGTCAGAGGTGAAATCCCAGGGCTCAACCTTGGAACTGCCTTTGAAACTATCAGTCTGGAGTTCGAGAGAGGTGAGTGGAATTCCGAGTGTAGAGGTGAAATTCGTAGATATTCGGAGGAACACCAGTGGCGAAGGCGGCTCACTGGCTCGATACTGACGCTGAGGTGCGAAAGCGTGGGGAGCAAACAGGATTAGATAC"	"k__Bacteria"	"p__Proteobacteria"	"c__Alphaproteobacteria"	"o__Rhodobacterales"	"f__Rhodobacteraceae"	"g__Paracoccus"	"s__marcusii"	"otu90"
132	148	4	62	17	87	44	30	11	66	15	29	77	110	20	31	86	35	12	86	17	38	5	38	13	123	4	12	4	"GCTGCAGTGGGGAATATTGCACAATGGGCGGAAGCCTGATGCAGCGACGCCGCGTGAGGGATGACGGCCTTCGGGTTGTAAACCTCTTTCAGCAGGGACGAAGCGTAAGTGACGGTACCTGCAGAAGAAGCACCGGCTAACTATGTGCCAGCAGCCGCGGTAATACGTAGGGTGCGAGCGTTGTCCGGAATTACTGGGCGTAAAGAGCTCGTAGGCGGTTTGTCACGTCGTCTGTGAAATCCTAGGGCTTAACCCTGGACGTGCAGGCGATACGGGCTGACTTGAGTACTACAGGGGAGACTGGAATTTCTGGTGTAGCGGTGGAATGCACAGATATCAGGAAGAACACCGATGGCGAAGGCAGGTCTCTGGGTAGTAACTGACGCTGAGGAGCGAAAGCATGGGTAGCGAACAGGATTAGATAC"	"k__Bacteria"	"p__Actinobacteria"	"c__Actinobacteria"	"o__Actinomycetales"	"f__Corynebacteriaceae"	"g__Corynebacterium"	"s__"	"otu95"
61	54	11	24	17	96	47	16	16	107	32	90	47	99	64	56	36	61	18	46	9	19	20	41	28	50	9	19	46	"GCAGCAGTGGGGAATATTGCACAATGGGCGAAAGCCTGATGCAGCGACGCCGCGTGAGGGATGACGGCCTTCGGGTTGTAAACCTCTTTCAGTAGGGAAGAAGCGAAAGTGACGGTACCTGCAGAAGAAGCACCGGCTAACTACGTGCCAGCAGCCGCGGTAATACGTAGGGTGCGAGCGTTATCCGGAATTATTGGGCGTAAAGAGCTCGTAGGCGGTTTGTCGCGTCTGTCGTGAAAGTCCGGGGCTTAACCCCGGATCTGCGGTGGGTACGGGCAGACTAGAGTGCAGTAGGGGAGACTGGAATTCCTGGTGTAGCGGTGGAATGCGCAGATATCAGGAGGAACACCGATGGCGAAGGCAGGTCTCTGGGCTGTAACTGACGCTGAGGAGCGAAAGCATGGGGAGCGAACAGGATTAGATAC"	"k__Bacteria"	"p__Actinobacteria"	"c__Actinobacteria"	"o__Actinomycetales"	"f__Micrococcaceae"	"g__Micrococcus"	"s__"	"otu103"
29	11	2	35	4	64	64	13	38	55	72	91	25	24	58	29	29	8	30	8	10	11	17	51	10	35	280	43	29	"GCAGCAGTAGGGAATCTTCCGCAATGGGCGAAAGCCTGACGGAGCAACGCCGCGTGAGTGATGAAGGTCTTCGGATCGTAAAACTCTGTTATTAGGGAAGAACATACGTGTAAGTAACTATGCACGTCTTGACGGTACCTAATCAGAAAGCCACGGCTAACTACGTGCCAGCAGCCGCGGTAATACGTAGGTGGCAAGCGTTATCCGGAATTATTGGGCGTAAAGCGCGCGTAGGCGGTTTTTTAAGTCTGATGTGAAAGCCCACGGCTCAACCGTGGAGGGTCATTGGAAACTGGAAAACTTGAGTGCAGAAGAGGAAAGTGGAATTCCATGTGTAGCGGTGAAATGCGCAGAGATATGGAGGAACACCAGTGGCGAAGGCGACTTTCTGGTCTGTAACTGACGCTGATGTGCGAAAGCGTGGGGATCAAACAGGATTAGATAC"	"k__Bacteria"	"p__Firmicutes"	"c__Bacilli"	"o__Bacillales"	"f__Staphylococcaceae"	"g__Staphylococcus"	NA	"otu107"
86	78	8	33	12	83	17	22	9	23	45	104	25	116	41	35	31	64	5	39	9	30	23	27	23	52	14	12	31	"GCTGCAGTGGGGAATATTGCACAATGGGCGCAAGCCTGATGCAGCGACGCCGCGTGAGGGATGACGGCCTTCGGGTTGTAAACCTCTTTCAGTAGGGAAGAAGCGAAAGTGACGGTACCTGCAGAAGAAGCACCGGCTAACTACGTGCCAGCAGCCGCGGTAATACGTAGGGTGCGAGCGTTATCCGGAATTATTGGGCGTAAAGAGCTCGTAGGCGGTTTGTCGCGTCTGTCGTGAAAGTCCGGGGCTTAACCCCGGATCTGCGGTGGGTACGGGCAGACTAGAGTGCAGTAGGGGAGACTGGAATTCCTGGTGTAGCGGTGGAATGCGCAGATATCAGGAGGAACACCGATGGCGAAGGCAGGTCTCTGGGCTGTAACTGACGCTGAGGAGCGAAAGCATGGGGAGCGAACAGGATTAGATAC"	"k__Bacteria"	"p__Actinobacteria"	"c__Actinobacteria"	"o__Actinomycetales"	"f__Micrococcaceae"	"g__Micrococcus"	"s__"	"otu116"
49	46	1	20	1	196	31	24	1	10	5	312	51	28	8	27	5	12	4	75	14	3	3	65	4	61	4	10	1	"GCTGCAGTGGGGAATATTGGACAATGGGCGCAAGCCTGATCCAGCCATGCCGCGTGGGTGAAGAAGGCCTTCGGGTTGTAAAGCCCTTTTGTTGGGAAAGAAAAGCAGTCGGTTAATACCCGATTGTTCTGACGGTACCCAAAGAATAAGCACCGGCTAACTTCGTGCCAGCAGCCGCGGTAATACGAAGGGTGCAAGCGTTACTCGGAATTACTGGGCGTAAAGCGTGCGTAGGTGGTGGTTTAAGTCTGTTGTGAAAGCCCTGGGCTCAACCTGGGAATTGCAGTGGATACTGGGTCACTAGAGTGTGGTAGAGGGTAGCGGAATTCCCGGTGTAGCAGTGAAATGCGTAGAGATCGGGAGGAACATCCGTGGCGAAGGCGGCTACCTGGACCAACACTGACACTGAGGCACGAAAGCGTGGGGAGCAAACAGGATTAGATAC"	"k__Bacteria"	"p__Proteobacteria"	"c__Gammaproteobacteria"	"o__Xanthomonadales"	"f__Xanthomonadaceae"	"g__Xanthomonas"	"s__axonopodis"	"otu118"
108	57	4	41	124	51	12	110	20	22	6	15	24	45	5	31	41	67	7	22	4	71	18	41	11	63	10	1	12	"GCTGCAGTAGGGAATCTTCGGCAATGGACGGAAGTCTGACCGAGCAACGCCGCGTGAGTGAAGAAGGTTTTCGGATCGTAAAGCTCTGTTGTAAGAGAAGAACGAGTGTGAGAGTGGAAAGTTCACACTGTGACGGTATCTTACCAGAAAGGGACGGCTAACTACGTGCCAGCAGCCGCGGTAATACGTAGGTCCCGAGCGTTGTCCGGATTTATTGGGCGTAAAGCGAGCGCAGGCGGTTAGATAAGTCTGAAGTTAAAGGCTGTGGCTTAACCATAGTACGCTTTGGAAACTGTTTAACTTGAGTGCAAGAGGGGAGAGTGGAATTCCATGTGTAGCGGTGAAATGCGTAGATATATGGAGGAACACCGGTGGCGAAAGCGGCTCTCTGGCGTGTAACTGACGCTGAGGCTCGAAAGCGTGGGGAGCAAACAGGATTAGATAC"	"k__Bacteria"	"p__Firmicutes"	"c__Bacilli"	"o__Lactobacillales"	"f__Streptococcaceae"	"g__Streptococcus"	"s__infantis"	"otu120"
21	33	3	65	17	35	20	61	15	57	46	120	20	113	61	38	11	35	13	48	3	21	35	5	47	15	10	4	13	"GCTGCAGTGGGGAATATTGGACAATGGGGGGAACCCTGATCCAGCCATGCCGCGTGTGTGAAGAAGGCCTTTTGGTTGTAAAGCACTTTAAGCGAGGAGGAGGCTACCGAGATTAATACTCTTGGATAGTGGACGTTACTCGCAGAATAAGCACCGGCTAACTCTGTGCCAGCAGCCGCGGTAATACAGAGGGTGCAAGCGTTAATCGGATTTACTGGGCGTAAAGCGCGCGTAGGTGGCCAATTAAGTCAAATGTGAAATCCCCGAGCTTAACTTGGGAATTGCATTCGATACTGGTTGGCTAGAGTATGGGAGAGGATGGTAGAATTCCAGGTGTAGCGGTGAAATGCGTAGAGATCTGGAGGAATACCGATGGCGAAGGCAGCCATCTGGCCTAATACTGACACTGAGGTGCGAAAGCATGGGGAGCAAACAGGATTAGATAC"	"k__Bacteria"	"p__Proteobacteria"	"c__Gammaproteobacteria"	"o__Pseudomonadales"	"f__Moraxellaceae"	"g__Acinetobacter"	"s__lwoffii"	"otu125"
45	31	20	33	10	28	115	61	88	22	20	28	42	24	44	22	6	30	59	39	3	12	2	17	6	4	24	19	39	"GCAGCAGTAGGGAATCTTCCGCAATGGGCGAAAGCCTGACGGAGCAACGCCGCGTGAGTGATGAAGGTCTTCGGATCGTAAAACTCTGTTATTAGGGAAGAATAAATGTGTAAGTAACTATGCACGTCTTGACGGTACCTAATCAGAAAGCCACGGCTAACTACGTGCCAGCAGCCGCGGTAATACGTAGGTGGCAAGCGTTATCCGGAATTATTGGGCGTAAAGCGCGCGTAGGCGGTTTTTTAAGTCTGATGTGAAAGCCCACGGCTCAACCGTGGAGGGTCATTGGAAACTGGAAAACTTGAGTGCAGAAGAGGAAAGTGGAATTCCATGTGTAGCGGTGAAATGCGCAGAGATATGGAGGAACACCAGTGGCGAAGGCGACTTTCTGGTCTGTAACTGACGCTGATGTGCGAAAGCGTGGGGATCAAACAGGATTAGATAC"	"k__Bacteria"	"p__Firmicutes"	"c__Bacilli"	"o__Bacillales"	"f__Staphylococcaceae"	"g__Staphylococcus"	"s__epidermidis"	"otu135"
20	17	2	20	1	26	22	13	368	6	17	30	21	24	32	40	8	12	1	16	8	11	2	13	1	20	39	7	5	"GCAGCAGTGGGGAATATTGCACAATGGGCGCAAGCCTGATGCAGCGACGCCGCGTGGGGGATGACGGCCTTCGGGTTGTAAACTCCTTTCGCTAGGGACGAAGCGTTTTTGTGACGGTACCTGGAGAAGAAGCACCGGCTAACTACGTGCCAGCAGCCGCGGTAATACGTAGGGTGCGAGCGTTGTCCGGAATTACTGGGCGTAAAGAGCTCGTAGGTGGTTTGTCGCGTCGTTTGTGTAAGCCCGCAGCTTAACTGCGGGACTGCAGGCGATACGGGCATAACTTGAGTGCTGTAGGGGAGACTGGAATTCCTGGTGTAGCGGTGGAATGCGCAGATATCAGGAGGAACACCGATGGCGAAGGCAGGTCTCTGGGCAGTAACTGACGCTGAGGAGCGAAAGCATGGGTAGCGAACAGGATTAGATAC"	"k__Bacteria"	"p__Actinobacteria"	"c__Actinobacteria"	"o__Actinomycetales"	"f__Corynebacteriaceae"	"g__Corynebacterium"	"s__"	"otu148"
49	60	1	29	14	62	22	11	8	29	17	52	24	66	37	32	22	57	12	37	5	26	12	19	11	18	2	8	19	"GCTGCAGTGGGGAATATTGCACAATGGGCGAAAGCCTGATGCAGCGACGCCGCGTGAGGGATGACGGCCTTCGGGTTGTAAACCTCTTTCAGTAGGGAAGAAGCGAAAGTGACGGTACCTGCAGAAGAAGCACCGGCTAACTACGTGCCAGCAGCCGCGGTAATACGTAGGGTGCGAGCGTTATCCGGAATTATTGGGCGTAAAGAGCTCGTAGGCGGTTTGTCGCGTCTGTCGTGAAAGTCCGGGGCTTAACCCCGGATCTGCGGTGGGTACGGGCAGACTAGAGTGCAGTAGGGGAGACTGGAATTCCTGGTGTAGCGGTGGAATGCGCAGATATCAGGAGGAACACCGATGGCGAAGGCAGGTCTCTGGGCTGTAACTGACGCTGAGGAGCGAAAGCATGGGGAGCGAACAGGATTAGATAC"	"k__Bacteria"	"p__Actinobacteria"	"c__Actinobacteria"	"o__Actinomycetales"	"f__Micrococcaceae"	"g__Micrococcus"	"s__"	"otu158"
14	5	8	54	1	13	6	144	5	40	5	56	5	9	58	32	14	57	1	26	10	20	61	21	12	47	12	8	8	"GCAGCAGTGGGGAATATTGGACAATGGGCGAAAGCCTGATCCAGCCATGCCGCGTGTGTGAAGAAGGTCTTCGGATTGTAAAGCACTTTAAGTTGGGAGGAAGGGCAGTAAGCTAATACCTTGCTGTTTTGACGTTACCGACAGAATAAGCACCGGCTAACTTCGTGCCAGCAGCCGCGGTAATACGAAGGGTGCAAGCGTTAATCGGAATTACTGGGCGTAAAGCGCGCGTAGGTGGTTCGTTAAGTTGGATGTGAAAGCCCCGGGCTCAACCTGGGAACTGCATCCAAAACTGGCGAGCTAGAGTACGGTAGAGGGTGGTGGAATTTCCTGTGTAGCGGTGAAATGCGTAGATATAGGAAGGAACACCAGTGGCGAAGGCGACCACCTGGACTGATACTGACACTGAGGTGCGAAAGCGTGGGGAGCAAACAGGATTAGATAC"	"k__Bacteria"	"p__Proteobacteria"	"c__Gammaproteobacteria"	"o__Pseudomonadales"	"f__Pseudomonadaceae"	NA	NA	"otu160"
7	3	5	5	1	12	19	7	26	8	3	41	4	2	381	19	19	7	1	24	2	2	11	11	1	2	60	14	2	"GCAGCAGTGGGGAATATTGGACAATGGGCGAAAGCCTGATCCAGCCATGCCGCGTGTGTGAAGAAGGTCTTCGGATTGTAAAGCACTTTAAGTTGGGAGGAAGGGCAGTAAGTTAATACCTTGCTGTTTTGACGTTACCGACAGAATAAGCACCGGCTAACTCTGTGCCAGCAGCCGCGGTAATACAGAGGGTGCAAGCGTTAATCGGAATTACTGGGCGTAAAGCGCGCGTAGGTGGTTCGTTAAGTTGGATGTGAAAGCCCCGGGCTCAACCTGGGAACTGCATCCAAAACTGGCGAGCTAGAGTATGGTAGAGGGTGGTGGAATTTCCTGTGTAGCGGTGAAATGCGTAGATATAGGAAGGAACACCAGTGGCGAAGGCGACCACCTGGACTGATACTGACACTGAGGTGCGAAAGCGTGGGGAGCAAACAGGATTAGATAC"	"k__Bacteria"	"p__Proteobacteria"	"c__Gammaproteobacteria"	"o__Pseudomonadales"	"f__Pseudomonadaceae"	"g__Pseudomonas"	"s__"	"otu172"
22	13	240	14	2	35	18	4	59	22	12	55	15	52	16	11	17	2	8	8	2	11	4	2	7	19	3	4	4	"GCAGCAGTGGGGAATATTGCACAATGGGCGGAAGCCTGATGCAGCGACGCCGCGTGGGGGATGACGGCCTTCGGGTTGTAAACTCCTTTCACCATCGACGAAGGGTTTCTGACGGTAGATGGAGAAGAAGCACCGGCTAACTACGTGCCAGCAGCCGCGGTAATACGTAGGGTGCGAGCGTTGTCCGGAATTACTGGGCGTAAAGAGCTCGTAGGTGGTTTGTCGCGTCGTCTGTGAAATTCCGGGGCTTAACTCCGGGCGTGCAGGCGATACGGGCATAACTTGAGTACTGTAGGGGAGACTGGAATTCCTGGTGTAGCGGTGAAATGCGCAGATATCAGGAGGAACACCGGTGGCGAAGGCGGGTCTCTGGGCAGTAACTGACGCTGAGGAGCGAAAGCATGGGGAGCGAACAGGATTAGATAC"	"k__Bacteria"	"p__Actinobacteria"	"c__Actinobacteria"	"o__Actinomycetales"	"f__Corynebacteriaceae"	"g__Corynebacterium"	"s__"	"otu177"
8	4	34	8	1	51	24	15	22	43	2	22	12	7	21	20	8	61	31	72	24	3	26	18	11	59	28	3	10	"GCAGCAGTGGGGAATTTTGGACAATGGGCGAAAGCCTGATCCAGCAATGCCGCGTGCAGGATGAAGGCCTTCGGGTTGTAAACTGCTTTTGTACGGAACGAAAAAGCTCCTTCTAATACAGGGGGCCCATGACGGTACCGTAAGAATAAGCACCGGCTAACTACGTGCCAGCAGCCGCGGTAATACGTAGGGTGCGAGCGTTAATCGGAATTACTGGGCGTAAAGCGTGCGCAGGCGGTTATGTAAGACAGATGTGAAATCCCCGGGCTCAACCTGGGAACTGCATTTGTGACTGCATGGCTAGAGTACGGTAGAGGGGGATGGAATTCCGCGTGTAGCAGTGAAATGCGTAGATATGCGGAGGAACACCGATGGCGAAGGCAATCCCCTGGACCTGTACTGACGCTCATGCACGAAAGCGTGGGGAGCAAACAGGATTAGATAC"	"k__Bacteria"	"p__Proteobacteria"	"c__Betaproteobacteria"	"o__Burkholderiales"	"f__Comamonadaceae"	"g__Delftia"	"s__"	"otu188"
15	10	1	23	4	37	22	2	18	25	39	31	5	8	41	21	15	6	25	10	4	12	9	17	10	17	101	14	10	"GCTGCAGTAGGGAATCTTCCGCAATGGGCGAAAGCCTGACGGAGCAACGCCGCGTGAGTGATGAAGGTCTTCGGATCGTAAAACTCTGTTATTAGGGAAGAACATACGTGTAAGTAACTATGCACGTCTTGACGGTACCTAATCAGAAAGCCACGGCTAACTACGTGCCAGCAGCCGCGGTAATACGTAGGTGGCAAGCGTTATCCGGAATTATTGGGCGTAAAGCGCGCGTAGGCGGTTTTTTAAGTCTGATGTGAAAGCCCACGGCTCAACCGTGGAGGGTCATTGGAAACTGGAAAACTTGAGTGCAGAAGAGGAAAGTGGAATTCCATGTGTAGCGGTGAAATGCGCAGAGATATGGAGGAACACCAGTGGCGAAGGCGACTTTCTGGTCTGTAACTGACGCTGATGTGCGAAAGCGTGGGGATCAAACAGGATTAGATAC"	"k__Bacteria"	"p__Firmicutes"	"c__Bacilli"	"o__Bacillales"	"f__Staphylococcaceae"	"g__Staphylococcus"	NA	"otu205"
94	45	2	17	10	44	8	21	1	37	3	31	11	8	5	5	11	44	10	16	5	21	13	5	7	25	6	20	7	"GCTGCAGTGGGGAATATTGCACAATGGAGGGAACTCTGATGCAGCGACGCCGCGTGAACGAAGAAGGCTTTCGAGTCGTAAAGTTCTTTTATATGGGAAGATAATGACGGTACCATAAGAAAAAGCCCCGGCTAACTACGTGCCAGCAGCCGCGGTAATACGTAGGGGGCTAGCGTTGTCCGGAATCACTGGGCGTAAAGGGTTCGCAGGCGGAAATGCAAGTCAGATGTAAAAGGCAGTAGCTTAACTACTGTAAGCATTTGAAACTGCATATCTTGAGAAGAGTAGAGGTAAGTGGAATTTTTAGTGTAGCGGTGAAATGCGTAGATATTAAAAAGAATACCGGTGGCGAAGGCGACTTACTGGGCTCATTCTGACGCTGAGGAACGAAAGCGTGGGTAGCAAACAGGATTAGATAC"	"k__Bacteria"	"p__Firmicutes"	"c__Clostridia"	"o__Clostridiales"	"f__[Tissierellaceae]"	"g__Peptoniphilus"	"s__"	"otu212"
17	11	4	11	3	21	5	4	238	7	7	15	6	11	26	15	6	7	2	16	7	8	6	1	3	24	15	1	4	"GCTGCAGTGGGGAATATTGCACAATGGGCGCAAGCCTGATGCAGCGACGCCGCGTGGGGGATGACGGCCTTCGGGTTGTAAACTCCTTTCGCTAGGGACGAAGCGTTTTTGTGACGGTACCTGGAGAAGAAGCACCGGCTAACTACGTGCCAGCAGCCGCGGTAATACGTAGGGTGCGAGCGTTGTCCGGAATTACTGGGCGTAAAGAGCTCGTAGGTGGTTTGTCGCGTCGTTTGTGTAAGCCCGCAGCTTAACTGCGGGACTGCAGGCGATACGGGCATAACTTGAGTGCTGTAGGGGAGACTGGAATTCCTGGTGTAGCGGTGGAATGCGCAGATATCAGGAGGAACACCGATGGCGAAGGCAGGTCTCTGGGCAGTAACTGACGCTGAGGAGCGAAAGCATGGGTAGCGAACAGGATTAGATAC"	"k__Bacteria"	"p__Actinobacteria"	"c__Actinobacteria"	"o__Actinomycetales"	"f__Corynebacteriaceae"	"g__Corynebacterium"	"s__"	"otu225"
44	23	7	13	5	30	90	17	28	24	5	22	23	12	16	16	9	9	13	14	4	10	5	11	2	10	12	5	8	"GCAGCAGTAGGGAATCTTCCGCAATGGGCGAAAGCCTGACGGAGCAACGCCGCGTGAGTGATGAAGGTCTTCGGATCGTAAAACTCTGTTATTAGGGAAGAACAAATGTGTAAGTAACTATGCACGTCTTGACGGTACCTAATCAGAAAGCCACGGCTAACTACGTGCCAGCAGCCGCGGTAATACGTAGGTGGCAAGCGTTATCCGGAATTATTGGGCGTAAAGCGCGCGTAGGCGGTTTTTTAAGTCTGATGTGAAAGCCCACGGCTCAACCGTGGAGGGTCATTGGAAACAGGAAAACTTGAGTGCAGAAGAGGAAAGTGGAATTCCATGTGTAGCGGTGAAATGCGCAGAGATATGGAGGAACACCAGTGGCGAAGGCGACTTTCTGGTCTGTAACTGACGCTGATGTGCGAAAGCGTGGGGATCAAACAGGATTAGATAC"	"k__Bacteria"	"p__Firmicutes"	"c__Bacilli"	"o__Bacillales"	"f__Staphylococcaceae"	"g__Staphylococcus"	"s__epidermidis"	"otu230"
44	45	4	18	5	24	94	28	19	15	13	19	14	11	15	5	5	9	12	8	10	14	9	10	3	10	6	9	3	"GCAGCAGTAGGGAATCTTCCGCAATGGGCGAAAGCCTGACGGAGCAACGCCGCGTGAGTGATGAAGGTCTTCGGATCGTAAAACTCTGTTATTAGGGAAGAACAAATGTGTAAGTAACTATGCACGTCTTGACGGTACCTAATCAGAAAGCCACGGCTAACTACGTGCCAGTAGCCGCGGTAATACGTAGGTGGCAAGCGTTATCCGGAATTATTGGGCGTAAAGCGCGCGTAGGCGGTTTTTTAAGTCTGATGTGAAAGCCCACGGCTCAACCGTGGAGGGTCATTGGAAACTGGAAAACTTGAGTGCAGAAGAGGAAAGTGGAATTCCATGTGTAGCGGTGAAATGCGCAGAGATATGGAGGAACACCAGTGGCGAAGGCGACTTTCTGGTCTGTAACTGACGCTGATGTGCGAAAGCGTGGGGATCAAACAGGATTAGATAC"	"k__Bacteria"	"p__Firmicutes"	"c__Bacilli"	"o__Bacillales"	"f__Staphylococcaceae"	"g__Staphylococcus"	"s__epidermidis"	"otu235"
42	24	2	18	6	15	101	15	30	18	5	20	26	14	9	5	8	3	9	15	4	11	10	12	7	13	11	3	1	"GCAGCAGTAGGGAATCTTCCGCAATGGGCGAAAGCCTGACGGAGCAACGCCGCGTGAGTGATGAAGGTCTTCGGATCGTAAAACTCTGTTATTAGGGAAGAACAAATGTGTAAGTAACTATGCACGTCTTGACGGTACCTAATCAGAAAGCCACGGCTAACTACGTGCCAGCAGTCGCGGTAATACGTAGGTGGCAAGCGTTATCCGGAATTATTGGGCGTAAAGCGCGCGTAGGCGGTTTTTTAAGTCTGATGTGAAAGCCCACGGCTCAACCGTGGAGGGTCATTGGAAACTGGAAAACTTGAGTGCAGAAGAGGAAAGTGGAATTCCATGTGTAGCGGTGAAATGCGCAGAGATATGGAGGAACACCAGTGGCGAAGGCGACTTTCTGGTCTGTAACTGACGCTGATGTGCGAAAGCGTGGGGATCAAACAGGATTAGATAC"	"k__Bacteria"	"p__Firmicutes"	"c__Bacilli"	"o__Bacillales"	"f__Staphylococcaceae"	"g__Staphylococcus"	"s__epidermidis"	"otu246"
53	26	3	12	8	19	43	15	26	14	3	26	14	19	6	9	10	2	16	4	1	7	4	11	7	9	7	3	6	"GCAGCAGTAGGGAATCTTCCGCAATGGGCGAAAGCCTGACGGAGCAACGCCGCGTGAGTGATGAAGGTCTTTGGATCGTAAAACTCTGTTATTAGGGAAGAACAAATGTGTAAGTAACTATGCACGTCTTGACGGTACCTAATCAGAAAGCCACGGCTAACTACGTGCCAGCAGCCGCGGTAATACGTAGGTGGCAAGCGTTATCCGGAATTATTGGGCGTAAAGCGCGCGTAGGCGGTTTTTTAAGTCTGATGTGAAAGCCCACGGCTCAACCGTGGAGGGTCATTGGAAACTGGAAAACTTGAGTGCAGAAGAGGAAAGTGGAATTCCATGTGTAGCGGTGAAATGCGCAGAGATATGGAGGAACACCAGTGGCGAAGGCGACTTTCTGGTCTGTAACTGACGCTGATGTGCGAAAGCGTGGGGATCAAACAGGATTAGATAC"	"k__Bacteria"	"p__Firmicutes"	"c__Bacilli"	"o__Bacillales"	"f__Staphylococcaceae"	"g__Staphylococcus"	"s__epidermidis"	"otu279"
15	4	130	8	4	21	10	1	32	20	5	19	6	16	6	9	11	1	4	5	2	7	3	3	1	8	1	1	2	"GCTGCAGTGGGGAATATTGCACAATGGGCGGAAGCCTGATGCAGCGACGCCGCGTGGGGGATGACGGCCTTCGGGTTGTAAACTCCTTTCACCATCGACGAAGGGTTTCTGACGGTAGATGGAGAAGAAGCACCGGCTAACTACGTGCCAGCAGCCGCGGTAATACGTAGGGTGCGAGCGTTGTCCGGAATTACTGGGCGTAAAGAGCTCGTAGGTGGTTTGTCGCGTCGTCTGTGAAATTCCGGGGCTTAACTCCGGGCGTGCAGGCGATACGGGCATAACTTGAGTACTGTAGGGGAGACTGGAATTCCTGGTGTAGCGGTGAAATGCGCAGATATCAGGAGGAACACCGGTGGCGAAGGCGGGTCTCTGGGCAGTAACTGACGCTGAGGAGCGAAAGCATGGGGAGCGAACAGGATTAGATAC"	"k__Bacteria"	"p__Actinobacteria"	"c__Actinobacteria"	"o__Actinomycetales"	"f__Corynebacteriaceae"	"g__Corynebacterium"	"s__"	"otu299"
5	4	1	10	2	23	16	9	47	47	11	32	10	10	20	6	4	7	7	6	1	7	4	5	5	13	10	4	4	"GCAGCAGTAGGGAATCTTCCGCAATGGGCGAAAGCCTGACGGAGCAACGCCGCGTGAGTGATGAAGGTCTTCGGATCGTAAAACTCTGTTATTAGGGAAGAACAAACGTGTAAGTAACTGTGCACGTCTTGACGGTACCTAATCAGAAAGCCACGGCTAACTACGTGCCAGTAGCCGCGGTAATACGTAGGTGGCAAGCGTTATCCGGAATTATTGGGCGTAAAGCGCGCGTAGGCGGTTTTTTAAGTCTGATGTGAAAGCCCACGGCTCAACCGTGGAGGGTCATTGGAAACTGGAAAACTTGAGTGCAGAAGAGGAAAGTGGAATTCCATGTGTAGCGGTGAAATGCGCAGAGATATGGAGGAACACCAGTGGCGAAGGCGACTTTCTGGTCTGTAACTGACGCTGATGTGCGAAAGCGTGGGGATCAAACAGGATTAGATAC"	"k__Bacteria"	"p__Firmicutes"	"c__Bacilli"	"o__Bacillales"	"f__Staphylococcaceae"	"g__Staphylococcus"	"s__"	"otu325"
6	4	4	15	1	26	6	8	54	32	16	36	13	10	10	10	2	9	11	7	2	3	2	5	2	10	7	5	7	"GCAGCAGTAGGGAATCTTCCGCAATGGGCGAAAGCCTGACGGAGCAACGCCGCGTGAGTGATGAAGGTCTTCGGATCGTAAAACTCTGTTATTAGGGAAGAACAAACGTGTAAGTAACTGTGCACGTCTTGACGGTACCTAATCAGAAAGCCACGGCTAACTACGTGCCAGCAGTCGCGGTAATACGTAGGTGGCAAGCGTTATCCGGAATTATTGGGCGTAAAGCGCGCGTAGGCGGTTTTTTAAGTCTGATGTGAAAGCCCACGGCTCAACCGTGGAGGGTCATTGGAAACTGGAAAACTTGAGTGCAGAAGAGGAAAGTGGAATTCCATGTGTAGCGGTGAAATGCGCAGAGATATGGAGGAACACCAGTGGCGAAGGCGACTTTCTGGTCTGTAACTGACGCTGATGTGCGAAAGCGTGGGGATCAAACAGGATTAGATAC"	"k__Bacteria"	"p__Firmicutes"	"c__Bacilli"	"o__Bacillales"	"f__Staphylococcaceae"	"g__Staphylococcus"	"s__"	"otu334"
7	6	3	14	4	32	1	9	26	26	6	32	1	8	12	8	5	4	5	5	1	6	2	3	6	5	10	1	11	"GCAGCAGTAGGGAATCTTCCGCAATGGGCGAAAGCCTGACGGAGCAACGCCGCGTGAGTGATGAAGGTCTTTGGATCGTAAAACTCTGTTATTAGGGAAGAACAAACGTGTAAGTAACTGTGCACGTCTTGACGGTACCTAATCAGAAAGCCACGGCTAACTACGTGCCAGCAGCCGCGGTAATACGTAGGTGGCAAGCGTTATCCGGAATTATTGGGCGTAAAGCGCGCGTAGGCGGTTTTTTAAGTCTGATGTGAAAGCCCACGGCTCAACCGTGGAGGGTCATTGGAAACTGGAAAACTTGAGTGCAGAAGAGGAAAGTGGAATTCCATGTGTAGCGGTGAAATGCGCAGAGATATGGAGGAACACCAGTGGCGAAGGCGACTTTCTGGTCTGTAACTGACGCTGATGTGCGAAAGCGTGGGGATCAAACAGGATTAGATAC"	"k__Bacteria"	"p__Firmicutes"	"c__Bacilli"	"o__Bacillales"	"f__Staphylococcaceae"	"g__Staphylococcus"	NA	"otu404"
